<?xml version="1.0" encoding="UTF-8" ?>
<!DOCTYPE mapper PUBLIC "-//mybatis.org//DTD Mapper 3.0//EN"
"http://mybatis.org/dtd/mybatis-3-mapper.dtd">
<mapper namespace="com.tarena.dao.GalleryMapper">

    
	<!-- 分页查询 ,带有题库类名的模糊条件 -->
	<select id="getCount"
	        parameterType="com.tarena.vo.Page"
	        resultType="java.lang.Integer">
		select
		    count(cid)
		from ima_qcategory
		where cname like #{galleryKeyword}
	</select>
<!-- 	//查询科目中类别Id对应的类别名字
	public String getCategoryNameById(Integer qCid); -->
	<select id="getCategoryNameById" resultType="java.lang.String">
	SELECT 
		cname 
	FROM ima_qcategory
	WHERE cid=#{qCid}

</select>
	
	
	
	<select id="getGallerysByPage"
	        parameterType="com.tarena.vo.Page"
	        resultType="com.tarena.entity.Gallery">
	    select
	       	cid,
	        cname
	    from ima_qcategory 
	    where cname like #{galleryKeyword}
	    limit #{begin},#{pageSize}   
	    
	</select>
	<!-- 添加角色信息 -->
	<insert id="addGallery"
	        parameterType="com.tarena.entity.Gallery">
		insert into ima_qcategory 
		(	
			cid,
			cname
		)
		values
		(
			#{cId},
			#{cName}
		)
	</insert>
	<!-- 更新角色信息 -->
	<update id="updateGallery"
	        parameterType="com.tarena.entity.Gallery">
		update ima_qcategory  set
		cname=#{cName}
		where 
		   cid=#{cId}
	</update>
	<!-- 删除角色信息 -->
	<delete id="deleteGallery"
	        parameterType="java.lang.String">
		delete from ima_qcategory 
		where cid=#{cId}        
	</delete>
	<!-- 查询所有的题目类别信息 -->
	<select id="findAllGallerys"
	        resultType="com.tarena.entity.Gallery">
		select 
		    cid,
		    cname
		from ima_qcategory	
	</select>  
</mapper>