<?xml version="1.0" encoding="UTF-8" ?>
<!DOCTYPE mapper PUBLIC "-//mybatis.org//DTD Mapper 3.0//EN"
"http://mybatis.org/dtd/mybatis-3-mapper.dtd">
<mapper namespace="com.tarena.dao.QuestionMapper">
<!-- 通过页面，获取问题集List<Question> getQuestionsByPage(Page page); -->

<!-- 
//获取总记录数
	Integer getCount(Page page); -->
<select id="getCount" resultType="java.lang.Integer">
	SELECT 
		count(qid)
	FROM 
		ima_questions
	WHERE qname like #{questionKeyword}

</select>

<!-- //通过页面，获取问题集 List<Question> getQuestionsByPage(Page page);-->
<select id="getQuestionsByPage" parameterType="com.tarena.vo.Page"
resultType="com.tarena.entity.Question">
	SELECT 
		qid,
		qname,
		qdata,
		qcid
	FROM ima_questions
	WHERE qname like #{questionKeyword}
	LIMIT #{begin},#{pageSize}   
	    


</select>


<!-- //添加题目
	Integer addQuestion(Question question); -->

<insert id="addQuestion" parameterType="com.tarena.entity.Question" >
	INSERT INTO ima_questions
	(
		qname,
		qdata,
		qcid
	)values(
		#{qName},
		#{qData},
		#{qCid}
	)


</insert>
<!-- //通过Id找对应题目
	Question findQuestionById(Integer id); -->
<select id="findQuestionById" resultType="com.tarena.entity.Question">
	SELECT 
		qid,
		qname,
		qdata,
		qcid
	FROM ima_questions
	WHERE qid=#{id}


</select>


<!-- //更新题目
	Integer updateQuestion(Question question); -->
<update id="updateQuestion"  >
	UPDATE ima_questions
	SET 
		qname=#{qName},
		qdata=#{qData},
		qcid=#{qCid}
		
	WHERE 
		qid=#{qId}

</update>
<!-- //删除题目
	void deleteQuestion(String questionId); -->
<delete id="deleteQuestion" >
	DELETE 
	FROM ima_questions
	WHERE qid=#{questionId}


</delete>


</mapper>

