<?xml version="1.0" encoding="UTF-8" ?>
<!DOCTYPE mapper PUBLIC "-//mybatis.org//DTD Mapper 3.0//EN"
"http://mybatis.org/dtd/mybatis-3-mapper.dtd">
<mapper namespace="com.tarena.dao.UserMapper">
<resultMap type="User" id="userMap">
		<id property="id" column="user_id" jdbcType="VARCHAR"/>
		<result property="loginName" column="user_loginname" jdbcType="VARCHAR"/>
		<result property="loginType" column="user_logintype" jdbcType="VARCHAR"/>
		<result property="nickName" column="user_nickname" jdbcType="VARCHAR"/>
		<result property="password" column="user_password" jdbcType="VARCHAR"/>
		<result property="type" column="user_type" jdbcType="INTEGER"/>
		<result property="head" column="user_head" jdbcType="VARCHAR"/>
		<result property="score" column="user_score" jdbcType="INTEGER"/>
		<result property="isLock" column="user_islock" jdbcType="CHAR"/>
		<result property="pwdState" column="user_pwdstate" jdbcType="VARCHAR"/>
		<result property="regDate" column="user_regdate" jdbcType="TIMESTAMP"/>
		<result property="age" column="user_age" jdbcType="INTEGER"/>
		<result property="sex" column="user_sex" jdbcType="CHAR"/>
		<result property="introduction" column="user_introduction" jdbcType="VARCHAR"/>
	</resultMap>
 
  <select id="login"
            parameterType="User"
	        resultType="java.lang.String">
		select 
		     user_id
		from t_user
		where user_loginname=#{loginName} and
		      user_password=#{password}
	</select>
	
	<select id="loginBack"
            parameterType="User"
	        resultType="java.lang.String">
		select 
		     user_id
		from t_user
		where user_loginname=#{loginName} and
		      user_password=#{password}
	</select>
	
	<insert id="registUser"
	        parameterType="User">
	    insert into t_user
	    (
	    	user_id,
	    	user_loginname,
	    	user_password
	    )
	    values
	    (
	    	#{id},
	    	#{loginName},
	    	#{password}
	    ) 
	</insert>
	<select id="findUserByName" parameterType="java.lang.String" resultType="int">
		select count(user_loginname) from t_user where user_loginname=#{loginName}
	</select>
	
	<!-- 查询信息，用于表单下载，这里以查询用户为例 -->
   <select id="findAllUser"
           resultMap="userMap" >
        <!-- 查询语句 --> 
        select
            u.user_id,
			u.user_loginname,
			u.user_logintype,
			u.user_nickname,
			u.user_password,
			u.user_type,
			u.user_head,
			u.user_score,
			u.user_islock,
		    u.user_pwdstate, 
			u.user_regdate,
			u.user_age,
			u.user_sex
			from t_user u
      </select>
   
   <!-- 添加用户 -->
	<insert id="addUser"
	        parameterType="User"
	>
	insert into t_user
	(
	 user_id,
	 user_loginname,
	 user_nickname,
	 user_password,
	 user_age,
	 user_sex
	 )
	 values
	 (
	  #{id},
	  #{loginName},
	  #{nickName},
	  #{password},
	  #{age},
	  #{sex}
	 )
	</insert>
	
	<!-- 查询信息的所有页 -->
    <select id="getCount"
            parameterType="Page"
            resultType="java.lang.Integer"
    >
    select 
         count(user_id)
     from t_user
     where
         user_loginname like #{userKeyword} or
	        user_nickname like #{userKeyword}
         
           </select>	
           
       <!-- 查询用户的当前页 -->
       <select id="getUserByPage"
               parameterType="Page"
               resultMap="userMap"
       >
      
				select * from t_user 
				where 
				  user_loginname like #{userKeyword} or
				  user_nickname like #{userKeyword}
				   limit #{begin},#{pageSize} 
	       </select> 
         
         <!-- 更新用户信息 -->
	<update id="updateUser"
	        parameterType="User">
		update t_user set 
		    user_loginname=#{loginName},
		    user_nickname=#{nickName},
		    user_password=#{password},
		    user_age=#{age},
		    user_sex=#{sex},
		    user_head=#{head}
		where user_id=#{id}
	</update> 
	
	<!-- 删除用户 -->
	<delete id="deleteUserByUserId"
	        parameterType="java.lang.String"
	          >
	  delete 
	  from t_user
	  where user_id=#{userId}
	
	</delete>
	
	<!-- 根据id找用户 -->
	<select id="findUserById"
	        parameterType="java.lang.String"
	        resultMap="userMap"
	>
	select * from t_user where user_id=#{userId}
	
	
	</select>
	
</mapper>