<?xml version="1.0" encoding="UTF-8" ?>
<!DOCTYPE mapper PUBLIC "-//mybatis.org//DTD Mapper 3.0//EN"
"http://mybatis.org/dtd/mybatis-3-mapper.dtd">
<mapper namespace="com.tarena.dao.VideoMapper">

	<!-- 查询所有视频 -->
	<select id="findAllVideos"
	        resultType="Video">
		select 
			*
	    from video
	</select>
	
			
	<!-- 添加视频信息 ,视频上传时使用-->
	<insert id="addVideo"
	        parameterType="com.tarena.entity.Video">
		insert into video
		(
			video_id,
			video_title,
			video_forsale,
			user_id
		)
		values
		(
			#{video_id},
			#{video_title},
			#{video_forsale},
			#{user_id}
		)
	</insert>
	
	<!-- 更新视频信息 -->
	<update id="updateVideo"
	        parameterType="Video">
		update video set
		    video_id=#{video_id,jdbcType=VARCHAR},
			video_title=#{video_title,jdbcType=VARCHAR},
			video_forsale=#{video_forsale,jdbcType=VARCHAR},
			user_id=#{user_id,jdbcType=VARCHAR}
		where video_id=#{video_id,jdbcType=VARCHAR} 
	</update>
	
	<!-- 删除指定视频id的所有数据,在video -->
	<delete id="deleteHistroyCacheByVideoId"
	        parameterType="java.lang.String">
		delete from video
		where video_id=#{videoId}
	</delete>
	
	
	
</mapper>